<?xml version="1.0"?>
<!DOCTYPE hibernate-mapping PUBLIC "-//Hibernate/Hibernate Mapping DTD 3.0//EN"
"http://hibernate.sourceforge.net/hibernate-mapping-3.0.dtd">
<!-- Generated 28 Dec, 2019 12:14:08 PM by Hibernate Tools 3.5.0.Final -->
<hibernate-mapping>
    <class name="in.co.sunrays.project3.dto.CollegeDTO" table="ST_COLLEGE">
        <id name="id" type="java.lang.Long">
            <column name="ID" />
            <generator class="increment"></generator>
        </id>
        <property name="name" type="java.lang.String">
            <column name="NAME" />
        </property>
        <property name="address" type="java.lang.String">
            <column name="ADDRESS" />
        </property>
         <property name="state" type="java.lang.String">
            <column name="STATE" />
        </property>
        <property name="city" type="java.lang.String">
            <column name="CITY" />
        </property>
        <property name="phoneNo" type="java.lang.String">
            <column name="PHONE_NO" />
        </property>
        <property name="createdBy" type="java.lang.String">
         <column name="CREATED_BY" />
        </property>
        <property name="modifiedBy" type="java.lang.String">
         <column name="MODIFIED_BY" />
        </property>
        <property name="createdDateTime" type="java.sql.Timestamp">
         <column name="CREATED_DATETIME" />
        </property>
        <property name="modifiedDateTime" type="java.sql.Timestamp">
         <column name="MODIFIED_DATETIME" />
        </property>
    </class>
</hibernate-mapping>
