<?xml version="1.0"?>
<!DOCTYPE hibernate-mapping PUBLIC "-//Hibernate/Hibernate Mapping DTD 3.0//EN"
"http://hibernate.sourceforge.net/hibernate-mapping-3.0.dtd">
<!-- Generated 28 Dec, 2019 2:29:44 PM by Hibernate Tools 3.5.0.Final -->
<hibernate-mapping>
    <class name="in.co.sunrays.project3.dto.StudentDTO" table="ST_STUDENT">
       <id name="id" type="java.lang.Long">
            <column name="ID" />
            <generator class="increment"></generator>
        </id>
        <property name="collegeId" type="long">
            <column name="COLLEGE_ID" />
        </property>
        <property name="collegeName" type="java.lang.String">
            <column name="COLLEGE_NAME" />
        </property>
        <property name="courseId" type="long">
            <column name="COURSE_ID" />
        </property>
        <property name="courseName" type="java.lang.String">
            <column name="COURSE_NAME" />
        </property>
        <property name="firstName" type="java.lang.String">
            <column name="FIRST_NAME" />
        </property>
        <property name="lastName" type="java.lang.String">
            <column name="LAST_NAME" />
        </property>
        
        <property name="dob" type="java.util.Date">
            <column name="DOB" />
        </property>
        
        <property name="mobileNo" type="java.lang.String">
            <column name="MOBILE_NO" />
        </property>
        
        <property name="email" type="java.lang.String">
            <column name="EMAIL" />
        </property>
        <property name="createdBy" type="java.lang.String">
         <column name="CREATED_BY" />
        </property>
        <property name="modifiedBy" type="java.lang.String">
         <column name="MODIFIED_BY" />
        </property>
        <property name="createdDateTime" type="java.sql.Timestamp">
         <column name="CREATED_DATETIME" />
        </property>
        <property name="modifiedDateTime" type="java.sql.Timestamp">
         <column name="MODIFIED_DATETIME" />
        </property>
        
    </class>
</hibernate-mapping>
