<?xml version="1.0"?>
<!DOCTYPE hibernate-mapping PUBLIC "-//Hibernate/Hibernate Mapping DTD 3.0//EN"
"http://hibernate.sourceforge.net/hibernate-mapping-3.0.dtd">
<!-- Generated 13 Jan, 2020 3:52:25 PM by Hibernate Tools 3.5.0.Final -->
<hibernate-mapping>
    <class name="in.co.sunrays.project3.dto.TimetableDTO" table="ST_TIMETABLE">
        <id name="id" type="java.lang.Long">
            <column name="ID" />
            <generator class="increment" />
        </id>
        <property name="subjectId" type="long">
            <column name="SUBJECT_ID" />
        </property>
        <property name="subjectName" type="java.lang.String">
            <column name="SUBJECT_NAME" />
        </property>
         <property name="courseId" type="long">
            <column name="COURSE_ID" />
        </property>
        <property name="courseName" type="java.lang.String">
            <column name="COURSE_NAME" />
        </property>
        <property name="semester" type="java.lang.String">
            <column name="SEMESTER" />
        </property>
        <property name="examDate" type="java.util.Date">
            <column name="EXAMDATE" />
        </property>
         <property name="examTime" type="java.lang.String">
            <column name="EXAM_TIME" />
        </property>
        <property name="createdBy" type="java.lang.String">
         <column name="CREATED_BY" />
        </property>
        <property name="modifiedBy" type="java.lang.String">
         <column name="MODIFIED_BY" />
        </property>
        <property name="createdDateTime" type="java.sql.Timestamp">
         <column name="CREATED_DATETIME" />
        </property>
        <property name="modifiedDateTime" type="java.sql.Timestamp">
         <column name="MODIFIED_DATETIME" />
        </property>
    </class>
</hibernate-mapping>
