{"name":"ORSProject_3","classpathEntries":[{"kind":"binary","path":"C:\\Program Files\\Java\\jdk1.8.0_161\\jre\\lib\\resources.jar","javadocContainerUrl":"https://docs.oracle.com/javase/1/docs/api/","isSystem":true,"isOwn":false,"isTest":false,"isJavaContent":false},{"kind":"binary","path":"C:\\Program Files\\Java\\jdk1.8.0_161\\jre\\lib\\rt.jar","javadocContainerUrl":"https://docs.oracle.com/javase/1/docs/api/","isSystem":true,"isOwn":false,"isTest":false,"isJavaContent":false},{"kind":"binary","path":"C:\\Program Files\\Java\\jdk1.8.0_161\\jre\\lib\\jsse.jar","javadocContainerUrl":"https://docs.oracle.com/javase/1/docs/api/","isSystem":true,"isOwn":false,"isTest":false,"isJavaContent":false},{"kind":"binary","path":"C:\\Program Files\\Java\\jdk1.8.0_161\\jre\\lib\\jce.jar","javadocContainerUrl":"https://docs.oracle.com/javase/1/docs/api/","isSystem":true,"isOwn":false,"isTest":false,"isJavaContent":false},{"kind":"binary","path":"C:\\Program Files\\Java\\jdk1.8.0_161\\jre\\lib\\charsets.jar","javadocContainerUrl":"https://docs.oracle.com/javase/1/docs/api/","isSystem":true,"isOwn":false,"isTest":false,"isJavaContent":false},{"kind":"binary","path":"C:\\Program Files\\Java\\jdk1.8.0_161\\jre\\lib\\jfr.jar","javadocContainerUrl":"https://docs.oracle.com/javase/1/docs/api/","isSystem":true,"isOwn":false,"isTest":false,"isJavaContent":false},{"kind":"binary","path":"C:\\Users\\Lenovo\\.m2\\repository\\junit\\junit\\3.8.1\\junit-3.8.1.jar","sourceContainerUrl":"file:/C:/Users/Lenovo/.m2/repository/junit/junit/3.8.1/junit-3.8.1-sources.jar","isSystem":false,"isOwn":false,"isTest":false,"isJavaContent":false},{"kind":"binary","path":"C:\\Users\\Lenovo\\.m2\\repository\\org\\json\\json\\20190722\\json-20190722.jar","sourceContainerUrl":"file:/C:/Users/Lenovo/.m2/repository/org/json/json/20190722/json-20190722-sources.jar","javadocContainerUrl":"file:/C:/Users/Lenovo/.m2/repository/org/json/json/20190722/json-20190722-javadoc.jar","isSystem":false,"isOwn":false,"isTest":false,"isJavaContent":false},{"kind":"binary","path":"C:\\Users\\Lenovo\\.m2\\repository\\com\\google\\code\\gson\\gson\\2.8.5\\gson-2.8.5.jar","sourceContainerUrl":"file:/C:/Users/Lenovo/.m2/repository/com/google/code/gson/gson/2.8.5/gson-2.8.5-sources.jar","javadocContainerUrl":"file:/C:/Users/Lenovo/.m2/repository/com/google/code/gson/gson/2.8.5/gson-2.8.5-javadoc.jar","isSystem":false,"isOwn":false,"isTest":false,"isJavaContent":false},{"kind":"binary","path":"C:\\Users\\Lenovo\\.m2\\repository\\javax\\servlet\\javax.servlet-api\\3.0.1\\javax.servlet-api-3.0.1.jar","sourceContainerUrl":"file:/C:/Users/Lenovo/.m2/repository/javax/servlet/javax.servlet-api/3.0.1/javax.servlet-api-3.0.1-sources.jar","javadocContainerUrl":"file:/C:/Users/Lenovo/.m2/repository/javax/servlet/javax.servlet-api/3.0.1/javax.servlet-api-3.0.1-javadoc.jar","isSystem":false,"isOwn":false,"isTest":false,"isJavaContent":false},{"kind":"binary","path":"C:\\Users\\Lenovo\\.m2\\repository\\mysql\\mysql-connector-java\\5.1.6\\mysql-connector-java-5.1.6.jar","isSystem":false,"isOwn":false,"isTest":false,"isJavaContent":false},{"kind":"binary","path":"C:\\Users\\Lenovo\\.m2\\repository\\log4j\\log4j\\1.2.17\\log4j-1.2.17.jar","sourceContainerUrl":"file:/C:/Users/Lenovo/.m2/repository/log4j/log4j/1.2.17/log4j-1.2.17-sources.jar","javadocContainerUrl":"file:/C:/Users/Lenovo/.m2/repository/log4j/log4j/1.2.17/log4j-1.2.17-javadoc.jar","isSystem":false,"isOwn":false,"isTest":false,"isJavaContent":false},{"kind":"binary","path":"C:\\Users\\Lenovo\\.m2\\repository\\javax\\mail\\mail\\1.4.5\\mail-1.4.5.jar","sourceContainerUrl":"file:/C:/Users/Lenovo/.m2/repository/javax/mail/mail/1.4.5/mail-1.4.5-sources.jar","javadocContainerUrl":"file:/C:/Users/Lenovo/.m2/repository/javax/mail/mail/1.4.5/mail-1.4.5-javadoc.jar","isSystem":false,"isOwn":false,"isTest":false,"isJavaContent":false},{"kind":"binary","path":"C:\\Users\\Lenovo\\.m2\\repository\\javax\\activation\\activation\\1.1\\activation-1.1.jar","sourceContainerUrl":"file:/C:/Users/Lenovo/.m2/repository/javax/activation/activation/1.1/activation-1.1-sources.jar","isSystem":false,"isOwn":false,"isTest":false,"isJavaContent":false},{"kind":"binary","path":"C:\\Users\\Lenovo\\.m2\\repository\\com\\mchange\\c3p0\\0.9.5.2\\c3p0-0.9.5.2.jar","sourceContainerUrl":"file:/C:/Users/Lenovo/.m2/repository/com/mchange/c3p0/0.9.5.2/c3p0-0.9.5.2-sources.jar","javadocContainerUrl":"file:/C:/Users/Lenovo/.m2/repository/com/mchange/c3p0/0.9.5.2/c3p0-0.9.5.2-javadoc.jar","isSystem":false,"isOwn":false,"isTest":false,"isJavaContent":false},{"kind":"binary","path":"C:\\Users\\Lenovo\\.m2\\repository\\com\\mchange\\mchange-commons-java\\0.2.11\\mchange-commons-java-0.2.11.jar","sourceContainerUrl":"file:/C:/Users/Lenovo/.m2/repository/com/mchange/mchange-commons-java/0.2.11/mchange-commons-java-0.2.11-sources.jar","javadocContainerUrl":"file:/C:/Users/Lenovo/.m2/repository/com/mchange/mchange-commons-java/0.2.11/mchange-commons-java-0.2.11-javadoc.jar","isSystem":false,"isOwn":false,"isTest":false,"isJavaContent":false},{"kind":"binary","path":"C:\\Users\\Lenovo\\.m2\\repository\\net\\sf\\jasperreports\\jasperreports\\6.1.0\\jasperreports-6.1.0.jar","sourceContainerUrl":"file:/C:/Users/Lenovo/.m2/repository/net/sf/jasperreports/jasperreports/6.1.0/jasperreports-6.1.0-sources.jar","javadocContainerUrl":"file:/C:/Users/Lenovo/.m2/repository/net/sf/jasperreports/jasperreports/6.1.0/jasperreports-6.1.0-javadoc.jar","isSystem":false,"isOwn":false,"isTest":false,"isJavaContent":false},{"kind":"binary","path":"C:\\Users\\Lenovo\\.m2\\repository\\commons-beanutils\\commons-beanutils\\1.9.0\\commons-beanutils-1.9.0.jar","sourceContainerUrl":"file:/C:/Users/Lenovo/.m2/repository/commons-beanutils/commons-beanutils/1.9.0/commons-beanutils-1.9.0-sources.jar","javadocContainerUrl":"file:/C:/Users/Lenovo/.m2/repository/commons-beanutils/commons-beanutils/1.9.0/commons-beanutils-1.9.0-javadoc.jar","isSystem":false,"isOwn":false,"isTest":false,"isJavaContent":false},{"kind":"binary","path":"C:\\Users\\Lenovo\\.m2\\repository\\commons-collections\\commons-collections\\3.2.1\\commons-collections-3.2.1.jar","sourceContainerUrl":"file:/C:/Users/Lenovo/.m2/repository/commons-collections/commons-collections/3.2.1/commons-collections-3.2.1-sources.jar","javadocContainerUrl":"file:/C:/Users/Lenovo/.m2/repository/commons-collections/commons-collections/3.2.1/commons-collections-3.2.1-javadoc.jar","isSystem":false,"isOwn":false,"isTest":false,"isJavaContent":false},{"kind":"binary","path":"C:\\Users\\Lenovo\\.m2\\repository\\commons-digester\\commons-digester\\2.1\\commons-digester-2.1.jar","sourceContainerUrl":"file:/C:/Users/Lenovo/.m2/repository/commons-digester/commons-digester/2.1/commons-digester-2.1-sources.jar","javadocContainerUrl":"file:/C:/Users/Lenovo/.m2/repository/commons-digester/commons-digester/2.1/commons-digester-2.1-javadoc.jar","isSystem":false,"isOwn":false,"isTest":false,"isJavaContent":false},{"kind":"binary","path":"C:\\Users\\Lenovo\\.m2\\repository\\commons-logging\\commons-logging\\1.1.1\\commons-logging-1.1.1.jar","sourceContainerUrl":"file:/C:/Users/Lenovo/.m2/repository/commons-logging/commons-logging/1.1.1/commons-logging-1.1.1-sources.jar","javadocContainerUrl":"file:/C:/Users/Lenovo/.m2/repository/commons-logging/commons-logging/1.1.1/commons-logging-1.1.1-javadoc.jar","isSystem":false,"isOwn":false,"isTest":false,"isJavaContent":false},{"kind":"binary","path":"C:\\Users\\Lenovo\\.m2\\repository\\com\\lowagie\\itext\\2.1.7.js2\\itext-2.1.7.js2.jar","isSystem":false,"isOwn":false,"isTest":false,"isJavaContent":false},{"kind":"binary","path":"C:\\Users\\Lenovo\\.m2\\repository\\bouncycastle\\bcmail-jdk14\\138\\bcmail-jdk14-138.jar","isSystem":false,"isOwn":false,"isTest":false,"isJavaContent":false},{"kind":"binary","path":"C:\\Users\\Lenovo\\.m2\\repository\\bouncycastle\\bcprov-jdk14\\138\\bcprov-jdk14-138.jar","isSystem":false,"isOwn":false,"isTest":false,"isJavaContent":false},{"kind":"binary","path":"C:\\Users\\Lenovo\\.m2\\repository\\org\\bouncycastle\\bctsp-jdk14\\1.38\\bctsp-jdk14-1.38.jar","sourceContainerUrl":"file:/C:/Users/Lenovo/.m2/repository/org/bouncycastle/bctsp-jdk14/1.38/bctsp-jdk14-1.38-sources.jar","javadocContainerUrl":"file:/C:/Users/Lenovo/.m2/repository/org/bouncycastle/bctsp-jdk14/1.38/bctsp-jdk14-1.38-javadoc.jar","isSystem":false,"isOwn":false,"isTest":false,"isJavaContent":false},{"kind":"binary","path":"C:\\Users\\Lenovo\\.m2\\repository\\org\\bouncycastle\\bcprov-jdk14\\1.38\\bcprov-jdk14-1.38.jar","sourceContainerUrl":"file:/C:/Users/Lenovo/.m2/repository/org/bouncycastle/bcprov-jdk14/1.38/bcprov-jdk14-1.38-sources.jar","javadocContainerUrl":"file:/C:/Users/Lenovo/.m2/repository/org/bouncycastle/bcprov-jdk14/1.38/bcprov-jdk14-1.38-javadoc.jar","isSystem":false,"isOwn":false,"isTest":false,"isJavaContent":false},{"kind":"binary","path":"C:\\Users\\Lenovo\\.m2\\repository\\org\\bouncycastle\\bcmail-jdk14\\1.38\\bcmail-jdk14-1.38.jar","sourceContainerUrl":"file:/C:/Users/Lenovo/.m2/repository/org/bouncycastle/bcmail-jdk14/1.38/bcmail-jdk14-1.38-sources.jar","javadocContainerUrl":"file:/C:/Users/Lenovo/.m2/repository/org/bouncycastle/bcmail-jdk14/1.38/bcmail-jdk14-1.38-javadoc.jar","isSystem":false,"isOwn":false,"isTest":false,"isJavaContent":false},{"kind":"binary","path":"C:\\Users\\Lenovo\\.m2\\repository\\jfree\\jcommon\\1.0.15\\jcommon-1.0.15.jar","isSystem":false,"isOwn":false,"isTest":false,"isJavaContent":false},{"kind":"binary","path":"C:\\Users\\Lenovo\\.m2\\repository\\jfree\\jfreechart\\1.0.12\\jfreechart-1.0.12.jar","isSystem":false,"isOwn":false,"isTest":false,"isJavaContent":false},{"kind":"binary","path":"C:\\Users\\Lenovo\\.m2\\repository\\xml-apis\\xml-apis\\1.3.02\\xml-apis-1.3.02.jar","isSystem":false,"isOwn":false,"isTest":false,"isJavaContent":false},{"kind":"binary","path":"C:\\Users\\Lenovo\\.m2\\repository\\org\\eclipse\\jdt\\core\\compiler\\ecj\\4.3.1\\ecj-4.3.1.jar","sourceContainerUrl":"file:/C:/Users/Lenovo/.m2/repository/org/eclipse/jdt/core/compiler/ecj/4.3.1/ecj-4.3.1-sources.jar","javadocContainerUrl":"file:/C:/Users/Lenovo/.m2/repository/org/eclipse/jdt/core/compiler/ecj/4.3.1/ecj-4.3.1-javadoc.jar","isSystem":false,"isOwn":false,"isTest":false,"isJavaContent":false},{"kind":"binary","path":"C:\\Users\\Lenovo\\.m2\\repository\\org\\codehaus\\castor\\castor-xml\\1.3.3\\castor-xml-1.3.3.jar","sourceContainerUrl":"file:/C:/Users/Lenovo/.m2/repository/org/codehaus/castor/castor-xml/1.3.3/castor-xml-1.3.3-sources.jar","javadocContainerUrl":"file:/C:/Users/Lenovo/.m2/repository/org/codehaus/castor/castor-xml/1.3.3/castor-xml-1.3.3-javadoc.jar","isSystem":false,"isOwn":false,"isTest":false,"isJavaContent":false},{"kind":"binary","path":"C:\\Users\\Lenovo\\.m2\\repository\\org\\codehaus\\castor\\castor-core\\1.3.3\\castor-core-1.3.3.jar","sourceContainerUrl":"file:/C:/Users/Lenovo/.m2/repository/org/codehaus/castor/castor-core/1.3.3/castor-core-1.3.3-sources.jar","javadocContainerUrl":"file:/C:/Users/Lenovo/.m2/repository/org/codehaus/castor/castor-core/1.3.3/castor-core-1.3.3-javadoc.jar","isSystem":false,"isOwn":false,"isTest":false,"isJavaContent":false},{"kind":"binary","path":"C:\\Users\\Lenovo\\.m2\\repository\\commons-lang\\commons-lang\\2.6\\commons-lang-2.6.jar","sourceContainerUrl":"file:/C:/Users/Lenovo/.m2/repository/commons-lang/commons-lang/2.6/commons-lang-2.6-sources.jar","javadocContainerUrl":"file:/C:/Users/Lenovo/.m2/repository/commons-lang/commons-lang/2.6/commons-lang-2.6-javadoc.jar","isSystem":false,"isOwn":false,"isTest":false,"isJavaContent":false},{"kind":"binary","path":"C:\\Users\\Lenovo\\.m2\\repository\\javax\\inject\\javax.inject\\1\\javax.inject-1.jar","sourceContainerUrl":"file:/C:/Users/Lenovo/.m2/repository/javax/inject/javax.inject/1/javax.inject-1-sources.jar","javadocContainerUrl":"file:/C:/Users/Lenovo/.m2/repository/javax/inject/javax.inject/1/javax.inject-1-javadoc.jar","isSystem":false,"isOwn":false,"isTest":false,"isJavaContent":false},{"kind":"binary","path":"C:\\Users\\Lenovo\\.m2\\repository\\stax\\stax\\1.2.0\\stax-1.2.0.jar","sourceContainerUrl":"file:/C:/Users/Lenovo/.m2/repository/stax/stax/1.2.0/stax-1.2.0-sources.jar","isSystem":false,"isOwn":false,"isTest":false,"isJavaContent":false},{"kind":"binary","path":"C:\\Users\\Lenovo\\.m2\\repository\\stax\\stax-api\\1.0.1\\stax-api-1.0.1.jar","isSystem":false,"isOwn":false,"isTest":false,"isJavaContent":false},{"kind":"binary","path":"C:\\Users\\Lenovo\\.m2\\repository\\javax\\xml\\stream\\stax-api\\1.0-2\\stax-api-1.0-2.jar","sourceContainerUrl":"file:/C:/Users/Lenovo/.m2/repository/javax/xml/stream/stax-api/1.0-2/stax-api-1.0-2-sources.jar","isSystem":false,"isOwn":false,"isTest":false,"isJavaContent":false},{"kind":"binary","path":"C:\\Users\\Lenovo\\.m2\\repository\\org\\springframework\\spring-context\\3.0.6.RELEASE\\spring-context-3.0.6.RELEASE.jar","sourceContainerUrl":"file:/C:/Users/Lenovo/.m2/repository/org/springframework/spring-context/3.0.6.RELEASE/spring-context-3.0.6.RELEASE-sources.jar","isSystem":false,"isOwn":false,"isTest":false,"isJavaContent":false},{"kind":"binary","path":"C:\\Users\\Lenovo\\.m2\\repository\\org\\springframework\\spring-aop\\3.0.6.RELEASE\\spring-aop-3.0.6.RELEASE.jar","sourceContainerUrl":"file:/C:/Users/Lenovo/.m2/repository/org/springframework/spring-aop/3.0.6.RELEASE/spring-aop-3.0.6.RELEASE-sources.jar","isSystem":false,"isOwn":false,"isTest":false,"isJavaContent":false},{"kind":"binary","path":"C:\\Users\\Lenovo\\.m2\\repository\\aopalliance\\aopalliance\\1.0\\aopalliance-1.0.jar","sourceContainerUrl":"file:/C:/Users/Lenovo/.m2/repository/aopalliance/aopalliance/1.0/aopalliance-1.0-sources.jar","isSystem":false,"isOwn":false,"isTest":false,"isJavaContent":false},{"kind":"binary","path":"C:\\Users\\Lenovo\\.m2\\repository\\org\\springframework\\spring-beans\\3.0.6.RELEASE\\spring-beans-3.0.6.RELEASE.jar","sourceContainerUrl":"file:/C:/Users/Lenovo/.m2/repository/org/springframework/spring-beans/3.0.6.RELEASE/spring-beans-3.0.6.RELEASE-sources.jar","isSystem":false,"isOwn":false,"isTest":false,"isJavaContent":false},{"kind":"binary","path":"C:\\Users\\Lenovo\\.m2\\repository\\org\\springframework\\spring-core\\3.0.6.RELEASE\\spring-core-3.0.6.RELEASE.jar","sourceContainerUrl":"file:/C:/Users/Lenovo/.m2/repository/org/springframework/spring-core/3.0.6.RELEASE/spring-core-3.0.6.RELEASE-sources.jar","isSystem":false,"isOwn":false,"isTest":false,"isJavaContent":false},{"kind":"binary","path":"C:\\Users\\Lenovo\\.m2\\repository\\org\\springframework\\spring-expression\\3.0.6.RELEASE\\spring-expression-3.0.6.RELEASE.jar","sourceContainerUrl":"file:/C:/Users/Lenovo/.m2/repository/org/springframework/spring-expression/3.0.6.RELEASE/spring-expression-3.0.6.RELEASE-sources.jar","isSystem":false,"isOwn":false,"isTest":false,"isJavaContent":false},{"kind":"binary","path":"C:\\Users\\Lenovo\\.m2\\repository\\org\\springframework\\spring-asm\\3.0.6.RELEASE\\spring-asm-3.0.6.RELEASE.jar","sourceContainerUrl":"file:/C:/Users/Lenovo/.m2/repository/org/springframework/spring-asm/3.0.6.RELEASE/spring-asm-3.0.6.RELEASE-sources.jar","isSystem":false,"isOwn":false,"isTest":false,"isJavaContent":false},{"kind":"binary","path":"C:\\Users\\Lenovo\\.m2\\repository\\com\\fasterxml\\jackson\\core\\jackson-core\\2.1.4\\jackson-core-2.1.4.jar","sourceContainerUrl":"file:/C:/Users/Lenovo/.m2/repository/com/fasterxml/jackson/core/jackson-core/2.1.4/jackson-core-2.1.4-sources.jar","javadocContainerUrl":"file:/C:/Users/Lenovo/.m2/repository/com/fasterxml/jackson/core/jackson-core/2.1.4/jackson-core-2.1.4-javadoc.jar","isSystem":false,"isOwn":false,"isTest":false,"isJavaContent":false},{"kind":"binary","path":"C:\\Users\\Lenovo\\.m2\\repository\\com\\fasterxml\\jackson\\core\\jackson-databind\\2.1.4\\jackson-databind-2.1.4.jar","sourceContainerUrl":"file:/C:/Users/Lenovo/.m2/repository/com/fasterxml/jackson/core/jackson-databind/2.1.4/jackson-databind-2.1.4-sources.jar","javadocContainerUrl":"file:/C:/Users/Lenovo/.m2/repository/com/fasterxml/jackson/core/jackson-databind/2.1.4/jackson-databind-2.1.4-javadoc.jar","isSystem":false,"isOwn":false,"isTest":false,"isJavaContent":false},{"kind":"binary","path":"C:\\Users\\Lenovo\\.m2\\repository\\com\\fasterxml\\jackson\\core\\jackson-annotations\\2.1.4\\jackson-annotations-2.1.4.jar","sourceContainerUrl":"file:/C:/Users/Lenovo/.m2/repository/com/fasterxml/jackson/core/jackson-annotations/2.1.4/jackson-annotations-2.1.4-sources.jar","javadocContainerUrl":"file:/C:/Users/Lenovo/.m2/repository/com/fasterxml/jackson/core/jackson-annotations/2.1.4/jackson-annotations-2.1.4-javadoc.jar","isSystem":false,"isOwn":false,"isTest":false,"isJavaContent":false},{"kind":"binary","path":"C:\\Users\\Lenovo\\.m2\\repository\\org\\apache\\lucene\\lucene-core\\4.5.1\\lucene-core-4.5.1.jar","sourceContainerUrl":"file:/C:/Users/Lenovo/.m2/repository/org/apache/lucene/lucene-core/4.5.1/lucene-core-4.5.1-sources.jar","javadocContainerUrl":"file:/C:/Users/Lenovo/.m2/repository/org/apache/lucene/lucene-core/4.5.1/lucene-core-4.5.1-javadoc.jar","isSystem":false,"isOwn":false,"isTest":false,"isJavaContent":false},{"kind":"binary","path":"C:\\Users\\Lenovo\\.m2\\repository\\org\\apache\\lucene\\lucene-analyzers-common\\4.5.1\\lucene-analyzers-common-4.5.1.jar","sourceContainerUrl":"file:/C:/Users/Lenovo/.m2/repository/org/apache/lucene/lucene-analyzers-common/4.5.1/lucene-analyzers-common-4.5.1-sources.jar","javadocContainerUrl":"file:/C:/Users/Lenovo/.m2/repository/org/apache/lucene/lucene-analyzers-common/4.5.1/lucene-analyzers-common-4.5.1-javadoc.jar","isSystem":false,"isOwn":false,"isTest":false,"isJavaContent":false},{"kind":"binary","path":"C:\\Users\\Lenovo\\.m2\\repository\\org\\apache\\lucene\\lucene-queryparser\\4.5.1\\lucene-queryparser-4.5.1.jar","sourceContainerUrl":"file:/C:/Users/Lenovo/.m2/repository/org/apache/lucene/lucene-queryparser/4.5.1/lucene-queryparser-4.5.1-sources.jar","javadocContainerUrl":"file:/C:/Users/Lenovo/.m2/repository/org/apache/lucene/lucene-queryparser/4.5.1/lucene-queryparser-4.5.1-javadoc.jar","isSystem":false,"isOwn":false,"isTest":false,"isJavaContent":false},{"kind":"binary","path":"C:\\Users\\Lenovo\\.m2\\repository\\org\\apache\\lucene\\lucene-queries\\4.5.1\\lucene-queries-4.5.1.jar","sourceContainerUrl":"file:/C:/Users/Lenovo/.m2/repository/org/apache/lucene/lucene-queries/4.5.1/lucene-queries-4.5.1-sources.jar","javadocContainerUrl":"file:/C:/Users/Lenovo/.m2/repository/org/apache/lucene/lucene-queries/4.5.1/lucene-queries-4.5.1-javadoc.jar","isSystem":false,"isOwn":false,"isTest":false,"isJavaContent":false},{"kind":"binary","path":"C:\\Users\\Lenovo\\.m2\\repository\\org\\apache\\lucene\\lucene-sandbox\\4.5.1\\lucene-sandbox-4.5.1.jar","sourceContainerUrl":"file:/C:/Users/Lenovo/.m2/repository/org/apache/lucene/lucene-sandbox/4.5.1/lucene-sandbox-4.5.1-sources.jar","javadocContainerUrl":"file:/C:/Users/Lenovo/.m2/repository/org/apache/lucene/lucene-sandbox/4.5.1/lucene-sandbox-4.5.1-javadoc.jar","isSystem":false,"isOwn":false,"isTest":false,"isJavaContent":false},{"kind":"binary","path":"C:\\Users\\Lenovo\\.m2\\repository\\jakarta-regexp\\jakarta-regexp\\1.4\\jakarta-regexp-1.4.jar","isSystem":false,"isOwn":false,"isTest":false,"isJavaContent":false},{"kind":"binary","path":"C:\\Users\\Lenovo\\.m2\\repository\\org\\olap4j\\olap4j\\0.9.7.309-JS-3\\olap4j-0.9.7.309-JS-3.jar","isSystem":false,"isOwn":false,"isTest":false,"isJavaContent":false},{"kind":"binary","path":"C:\\Users\\Lenovo\\.m2\\repository\\com\\google\\zxing\\core\\2.3.0\\core-2.3.0.jar","sourceContainerUrl":"file:/C:/Users/Lenovo/.m2/repository/com/google/zxing/core/2.3.0/core-2.3.0-sources.jar","javadocContainerUrl":"file:/C:/Users/Lenovo/.m2/repository/com/google/zxing/core/2.3.0/core-2.3.0-javadoc.jar","isSystem":false,"isOwn":false,"isTest":false,"isJavaContent":false},{"kind":"binary","path":"C:\\Users\\Lenovo\\.m2\\repository\\org\\hibernate\\hibernate-ehcache\\5.4.5.Final\\hibernate-ehcache-5.4.5.Final.jar","sourceContainerUrl":"file:/C:/Users/Lenovo/.m2/repository/org/hibernate/hibernate-ehcache/5.4.5.Final/hibernate-ehcache-5.4.5.Final-sources.jar","javadocContainerUrl":"file:/C:/Users/Lenovo/.m2/repository/org/hibernate/hibernate-ehcache/5.4.5.Final/hibernate-ehcache-5.4.5.Final-javadoc.jar","isSystem":false,"isOwn":false,"isTest":false,"isJavaContent":false},{"kind":"binary","path":"C:\\Users\\Lenovo\\.m2\\repository\\org\\jboss\\logging\\jboss-logging\\3.3.2.Final\\jboss-logging-3.3.2.Final.jar","sourceContainerUrl":"file:/C:/Users/Lenovo/.m2/repository/org/jboss/logging/jboss-logging/3.3.2.Final/jboss-logging-3.3.2.Final-sources.jar","javadocContainerUrl":"file:/C:/Users/Lenovo/.m2/repository/org/jboss/logging/jboss-logging/3.3.2.Final/jboss-logging-3.3.2.Final-javadoc.jar","isSystem":false,"isOwn":false,"isTest":false,"isJavaContent":false},{"kind":"binary","path":"C:\\Users\\Lenovo\\.m2\\repository\\net\\sf\\ehcache\\ehcache\\2.10.6\\ehcache-2.10.6.jar","sourceContainerUrl":"file:/C:/Users/Lenovo/.m2/repository/net/sf/ehcache/ehcache/2.10.6/ehcache-2.10.6-sources.jar","javadocContainerUrl":"file:/C:/Users/Lenovo/.m2/repository/net/sf/ehcache/ehcache/2.10.6/ehcache-2.10.6-javadoc.jar","isSystem":false,"isOwn":false,"isTest":false,"isJavaContent":false},{"kind":"binary","path":"C:\\Users\\Lenovo\\.m2\\repository\\org\\slf4j\\slf4j-api\\1.7.25\\slf4j-api-1.7.25.jar","sourceContainerUrl":"file:/C:/Users/Lenovo/.m2/repository/org/slf4j/slf4j-api/1.7.25/slf4j-api-1.7.25-sources.jar","javadocContainerUrl":"file:/C:/Users/Lenovo/.m2/repository/org/slf4j/slf4j-api/1.7.25/slf4j-api-1.7.25-javadoc.jar","isSystem":false,"isOwn":false,"isTest":false,"isJavaContent":false},{"kind":"binary","path":"C:\\Users\\Lenovo\\.m2\\repository\\org\\hibernate\\hibernate-core\\4.1.4.Final\\hibernate-core-4.1.4.Final.jar","sourceContainerUrl":"file:/C:/Users/Lenovo/.m2/repository/org/hibernate/hibernate-core/4.1.4.Final/hibernate-core-4.1.4.Final-sources.jar","isSystem":false,"isOwn":false,"isTest":false,"isJavaContent":false},{"kind":"binary","path":"C:\\Users\\Lenovo\\.m2\\repository\\antlr\\antlr\\2.7.7\\antlr-2.7.7.jar","isSystem":false,"isOwn":false,"isTest":false,"isJavaContent":false},{"kind":"binary","path":"C:\\Users\\Lenovo\\.m2\\repository\\org\\jboss\\spec\\javax\\transaction\\jboss-transaction-api_1.1_spec\\1.0.0.Final\\jboss-transaction-api_1.1_spec-1.0.0.Final.jar","sourceContainerUrl":"file:/C:/Users/Lenovo/.m2/repository/org/jboss/spec/javax/transaction/jboss-transaction-api_1.1_spec/1.0.0.Final/jboss-transaction-api_1.1_spec-1.0.0.Final-sources.jar","isSystem":false,"isOwn":false,"isTest":false,"isJavaContent":false},{"kind":"binary","path":"C:\\Users\\Lenovo\\.m2\\repository\\dom4j\\dom4j\\1.6.1\\dom4j-1.6.1.jar","sourceContainerUrl":"file:/C:/Users/Lenovo/.m2/repository/dom4j/dom4j/1.6.1/dom4j-1.6.1-sources.jar","isSystem":false,"isOwn":false,"isTest":false,"isJavaContent":false},{"kind":"binary","path":"C:\\Users\\Lenovo\\.m2\\repository\\org\\hibernate\\javax\\persistence\\hibernate-jpa-2.0-api\\1.0.1.Final\\hibernate-jpa-2.0-api-1.0.1.Final.jar","sourceContainerUrl":"file:/C:/Users/Lenovo/.m2/repository/org/hibernate/javax/persistence/hibernate-jpa-2.0-api/1.0.1.Final/hibernate-jpa-2.0-api-1.0.1.Final-sources.jar","isSystem":false,"isOwn":false,"isTest":false,"isJavaContent":false},{"kind":"binary","path":"C:\\Users\\Lenovo\\.m2\\repository\\org\\javassist\\javassist\\3.15.0-GA\\javassist-3.15.0-GA.jar","sourceContainerUrl":"file:/C:/Users/Lenovo/.m2/repository/org/javassist/javassist/3.15.0-GA/javassist-3.15.0-GA-sources.jar","javadocContainerUrl":"file:/C:/Users/Lenovo/.m2/repository/org/javassist/javassist/3.15.0-GA/javassist-3.15.0-GA-javadoc.jar","isSystem":false,"isOwn":false,"isTest":false,"isJavaContent":false},{"kind":"binary","path":"C:\\Users\\Lenovo\\.m2\\repository\\org\\hibernate\\common\\hibernate-commons-annotations\\5.1.0.Final\\hibernate-commons-annotations-5.1.0.Final.jar","sourceContainerUrl":"file:/C:/Users/Lenovo/.m2/repository/org/hibernate/common/hibernate-commons-annotations/5.1.0.Final/hibernate-commons-annotations-5.1.0.Final-sources.jar","isSystem":false,"isOwn":false,"isTest":false,"isJavaContent":false},{"kind":"source","path":"G:\\SpringToolSuite\\ORSProject_3\\src\\main\\java","outputFolder":"G:\\SpringToolSuite\\ORSProject_3\\target\\classes","javadocContainerUrl":"file:/G:/SpringToolSuite/ORSProject_3/target/site/apidocs","isSystem":false,"isOwn":true,"isTest":false,"isJavaContent":true},{"kind":"source","path":"G:\\SpringToolSuite\\ORSProject_3\\src\\test\\java","outputFolder":"G:\\SpringToolSuite\\ORSProject_3\\target\\test-classes","javadocContainerUrl":"file:/G:/SpringToolSuite/ORSProject_3/target/site/apidocs","isSystem":false,"isOwn":true,"isTest":true,"isJavaContent":true},{"kind":"source","path":"G:\\SpringToolSuite\\ORSProject_3\\src\\main\\resources","outputFolder":"G:\\SpringToolSuite\\ORSProject_3\\target\\classes","isSystem":false,"isOwn":true,"isTest":false,"isJavaContent":false},{"kind":"source","path":"G:\\SpringToolSuite\\ORSProject_3\\src\\test\\resources","outputFolder":"G:\\SpringToolSuite\\ORSProject_3\\target\\test-classes","isSystem":false,"isOwn":true,"isTest":true,"isJavaContent":false},{"kind":"source","path":"G:\\SpringToolSuite\\ORSProject_3\\src\\test\\java","outputFolder":"G:\\SpringToolSuite\\ORSProject_3\\target\\test-classes","javadocContainerUrl":"file:/G:/SpringToolSuite/ORSProject_3/target/site/apidocs","isSystem":false,"isOwn":true,"isTest":false,"isJavaContent":false}]}